{
  "camera_matrix": [
    [
      4234.318918372466,
      0.0,
      639.5
    ],
    [
      0.0,
      4232.787347090386,
      479.5
    ],
    [
      0.0,
      0.0,
      1.0
    ]
  ],
  "dist_coefs": [
    [
      -0.22514914932508662,
      8.993170045383794,
      -0.002350151654153015,
      0.00023304810756866168,
      -124.69121788515199
    ]
  ],
  "resolution": [
    1280,
    960
  ],
  "camera_model": "Brown",
  "k1": -0.22514914932508662,
  "k2": 8.993170045383794,
  "k3": -124.69121788515199,
  "p1": -0.002350151654153015,
  "p2": 0.00023304810756866168,
  "fx": 4234.318918372466,
  "fy": 4232.787347090386,
  "up": 639.5,
  "vp": 479.5,
  "skew": 0.0,
  "RMS_reproj_err_pix": 1.403537821137755
}